<?xml version="1.0" encoding="UTF-8"?>
<project-private xmlns="http://www.netbeans.org/ns/project-private/1">
    <editor-bookmarks xmlns="http://www.netbeans.org/ns/editor-bookmarks/2" lastBookmarkId="0"/>
    <open-files xmlns="http://www.netbeans.org/ns/projectui-open-files/2">
        <group>
            <file>file:/C:/Users/Dell/OneDrive/Documents/NetBeansProjects/home_decorr/src/home_decor/view/HomeDecor.java</file>
            <file>file:/C:/Users/Dell/OneDrive/Documents/NetBeansProjects/home_decorr/src/home_decor/resources/padlock.png</file>
            <file>file:/C:/Users/Dell/OneDrive/Documents/NetBeansProjects/home_decorr/src/home_decor/controller/ProductController.java</file>
            <file>file:/C:/Users/Dell/OneDrive/Documents/NetBeansProjects/home_decorr/src/home_decor/resources/oliver%20(1).png</file>
            <file>file:/C:/Users/Dell/OneDrive/Documents/NetBeansProjects/home_decorr/src/home_decor/resources/pexels-kowalievska-1148955.jpg</file>
            <file>file:/C:/Users/Dell/OneDrive/Documents/NetBeansProjects/home_decorr/src/home_decor/resources/Allied%20Maker%20_%20Dome%20Pendant%208”,%2010″,%2014″,%2020″.jpg</file>
            <file>file:/C:/Users/Dell/OneDrive/Documents/NetBeansProjects/home_decorr/src/home_decor/resources/pexels-stephen-leonardi-587681991-18559640.jpg</file>
            <file>file:/C:/Users/Dell/OneDrive/Documents/NetBeansProjects/home_decorr/src/home_decor/resources/pexels-fotoaibe-1668860%20(2).jpg</file>
            <file>file:/C:/Users/Dell/OneDrive/Documents/NetBeansProjects/home_decorr/src/home_decor/resources/user%20(2).png</file>
            <file>file:/C:/Users/Dell/OneDrive/Documents/NetBeansProjects/home_decorr/src/home_decor/resources/pexels-pixabay-276724.jpg</file>
            <file>file:/C:/Users/Dell/OneDrive/Documents/NetBeansProjects/home_decorr/src/home_decor/resources/pexels-houzlook-3797991%20(4).jpg</file>
            <file>file:/C:/Users/Dell/OneDrive/Documents/NetBeansProjects/home_decorr/src/home_decorr/Home_decorr.java</file>
            <file>file:/C:/Users/Dell/OneDrive/Documents/NetBeansProjects/home_decorr/src/home_decor/model/home_decor_model.java</file>
            <file>file:/C:/Users/Dell/OneDrive/Documents/NetBeansProjects/home_decorr/src/home_decor/resources/pexels-fotoaibe-1643383.jpg</file>
            <file>file:/C:/Users/Dell/OneDrive/Documents/NetBeansProjects/home_decorr/src/home_decor/resources/pexels-pixabay-276583.jpg</file>
            <file>file:/C:/Users/Dell/OneDrive/Documents/NetBeansProjects/home_decorr/src/home_decor/util/ValidationUtil.java</file>
        </group>
    </open-files>
</project-private>
